{
    "validation_loss": 0.10048797147141562,
    "test_metrics": {
        "test_loss": 0.11552573657698101,
        "within_25": 25.087108013937282,
        "within_50": 43.55400696864111,
        "accuracy": 54.00696864111498,
        "precision": 53.37423312883436,
        "recall": 60.83916083916085,
        "f1_score": 56.86274509803922
    },
    "timestamp": "2024-12-05 01:09:55"
}