{
    "validation_loss": 0.305475760783468,
    "test_metrics": {
        "test_loss": 0.2697613409587315,
        "within_25": 15.348837209302326,
        "within_50": 32.55813953488372,
        "accuracy": 55.81395348837209,
        "precision": 55.26315789473685,
        "recall": 58.87850467289719,
        "f1_score": 57.01357466063349
    },
    "timestamp": "2024-12-04 18:36:23"
}