{
    "validation_loss": 0.22742842882871628,
    "test_metrics": {
        "test_loss": 0.23986979946494102,
        "within_25": 17.79935275080906,
        "within_50": 35.59870550161812,
        "accuracy": 57.76699029126213,
        "precision": 57.84313725490197,
        "recall": 57.28155339805825,
        "f1_score": 57.5609756097561
    },
    "timestamp": "2024-12-04 23:31:44"
}