{
    "validation_loss": 0.2688830771616527,
    "test_metrics": {
        "test_loss": 0.23449446048055375,
        "within_25": 14.883720930232558,
        "within_50": 30.697674418604652,
        "accuracy": 60.93023255813953,
        "precision": 60.0,
        "recall": 64.48598130841121,
        "f1_score": 62.16216216216216
    },
    "timestamp": "2024-12-02 22:40:34"
}