{
    "validation_loss": 1.278314431508382,
    "test_metrics": {
        "test_loss": 1.5620888812201363,
        "within_25": 14.685314685314685,
        "within_50": 27.73892773892774,
        "accuracy": 56.17715617715617,
        "precision": 54.81481481481482,
        "recall": 69.1588785046729,
        "f1_score": 61.15702479338842
    },
    "timestamp": "2024-12-02 19:49:13"
}