{
    "val_loss": 0.305475760783468,
    "params": {
        "learning_rate": 0.0002,
        "weight_decay": 0.0001,
        "epochs": 30,
        "patience": 7,
        "l1_lambda": 0,
        "clip_grad": null,
        "batch_size": 32,
        "hidden_sizes": [
            1024,
            512,
            1024
        ],
        "dropout_rates": [
            0.2,
            0.1,
            0.2
        ]
    },
    "test_metrics": {
        "test_loss": 0.2697613409587315,
        "within_25": 15.348837209302326,
        "within_50": 32.55813953488372,
        "accuracy": 55.81395348837209,
        "precision": 55.26315789473685,
        "recall": 58.87850467289719,
        "f1_score": 57.01357466063349
    }
}