{
    "val_loss": 1.0490101476510365,
    "params": {
        "learning_rate": 0.0002,
        "weight_decay": 0.0001,
        "epochs": 25,
        "patience": 7,
        "l1_lambda": 0,
        "clip_grad": null,
        "batch_size": 32,
        "hidden_sizes": [
            1024,
            512
        ],
        "dropout_rates": [
            0.2,
            0.2
        ]
    },
    "test_metrics": {
        "test_loss": 1.4374931624957494,
        "within_25": 15.61771561771562,
        "within_50": 29.37062937062937,
        "accuracy": 56.41025641025641,
        "precision": 55.01858736059479,
        "recall": 69.1588785046729,
        "f1_score": 61.28364389233954
    }
}