{
    "validation_loss": 1.0490101476510365,
    "test_metrics": {
        "test_loss": 1.4374931624957494,
        "within_25": 15.61771561771562,
        "within_50": 29.37062937062937,
        "accuracy": 56.41025641025641,
        "precision": 55.01858736059479,
        "recall": 69.1588785046729,
        "f1_score": 61.28364389233954
    },
    "timestamp": "2024-12-02 19:03:42"
}